id,primer_nombre,apellido,Genero,email,id_universidad
1,Jamey,Bayston,Male,jbayston0@google.co.jp,1
2,Cecil,Sheivels,Male,csheivels1@auda.org.au,2
3,Brent,Isselee,Male,bisselee2@biglobe.ne.jp,3
4,Lois,Cramer,Non-binary,lcramer3@dailymotion.com,4
5,Cicily,Thurbon,Female,cthurbon4@cbslocal.com,5
6,Holmes,Wheelton,Male,hwheelton5@canalblog.com,6
7,Ddene,McLauchlin,Female,dmclauchlin6@g.co,7
8,Jilly,Burwood,Female,jburwood7@cbc.ca,8
9,Meredith,Van Der Hoog,Female,mvanderhoog8@gizmodo.com,9
10,Algernon,Hasser,Genderfluid,ahasser9@theatlantic.com,10
11,Ronda,Wellbank,Female,rwellbanka@ask.com,11
12,Dulciana,Aldington,Genderqueer,daldingtonb@omniture.com,12
13,Ignazio,Davison,Genderqueer,idavisonc@biblegateway.com,13
14,Candra,Magnar,Female,cmagnard@google.com.au,14
15,Kaitlin,Troker,Female,ktrokere@etsy.com,15
16,Tades,Proschek,Male,tproschekf@last.fm,16
17,Rayner,Abarough,Male,rabaroughg@angelfire.com,17
18,Bordie,Bruntjen,Male,bbruntjenh@ocn.ne.jp,18
19,Annabal,Issett,Female,aissetti@devhub.com,19
20,Gar,Olech,Male,golechj@msn.com,20
21,Boony,Garmans,Male,bgarmansk@alexa.com,21
22,Toby,Wedderburn,Male,twedderburnl@loc.gov,22
23,Rici,Lowdyane,Female,rlowdyanem@ning.com,23
24,Sande,Egglestone,Female,segglestonen@loc.gov,24
25,Tobit,Yoselevitch,Male,tyoselevitcho@youtube.com,25
26,Ase,Nutkins,Male,anutkinsp@quantcast.com,26
27,Aubrey,Peirazzi,Female,apeirazziq@businessweek.com,27
28,Hakeem,Otham,Bigender,hothamr@networksolutions.com,28
29,Duane,Pietersma,Male,dpietersmas@accuweather.com,29
30,Garret,Bouch,Male,gboucht@latimes.com,30
31,Dorri,Francais,Non-binary,dfrancaisu@admin.ch,31
32,Lynett,Winchurch,Female,lwinchurchv@hatena.ne.jp,32
33,Ogden,Arran,Male,oarranw@rediff.com,33
34,Berenice,Shirtcliffe,Female,bshirtcliffex@nydailynews.com,34
35,Correy,Korting,Male,ckortingy@delicious.com,35
36,Luciano,Giriardelli,Male,lgiriardelliz@hostgator.com,36
37,Caryn,Davitti,Female,cdavitti10@oaic.gov.au,37
38,Merilee,Carlton,Female,mcarlton11@tamu.edu,38
39,Rodd,Karlolak,Male,rkarlolak12@columbia.edu,39
40,Marcellus,Choppen,Male,mchoppen13@umich.edu,40
41,Pasquale,Elliff,Male,pelliff14@tinyurl.com,41
42,Stu,Westby,Male,swestby15@cbc.ca,42
43,George,Angove,Male,gangove16@wordpress.org,43
44,Winnifred,Leitch,Female,wleitch17@wufoo.com,44
45,Jena,Sneaker,Non-binary,jsneaker18@google.es,45
46,Gusella,Noye,Female,gnoye19@behance.net,46
47,Ellswerth,Demaine,Male,edemaine1a@aboutads.info,47
48,Mitch,Stoop,Male,mstoop1b@bbc.co.uk,48
49,Lorrin,Breming,Female,lbreming1c@miibeian.gov.cn,49
50,Ethelred,Belward,Male,ebelward1d@independent.co.uk,50
